 ,Product Name,Image Link,Photo,"Product label
(3-5 Characters)",Category Name,Processes,"Weight 
(gm)","Cost Price
(Nrs)",HS CODE,Description,"Variations
Color Code",Tags,Product Image Website Link,"Product_image
(Drive Link)",Attributes,Additional Category,Occassion,Type,stock
1,5cm Bunny,,,5BUNY,--- Holiday & Seasonal Shapes,"Wet Felting, Needling",5.00,,5602.10.00,The bunny is crafted with soft wool. It has the rounded structure body and rounded head is attached. Rising from the head two elongated ears with pink inner section. On the face black needled eyes completed with pink needled nose.,,,https://www.feltandyarn.com/easter-and-spring/2189-21246-5cm-felt-bunny.html#/1616-craft_supplies_design-white_rabbit,https://drive.google.com/drive/folders/1r1DB0vpQep584FLHN7LUhIzEh07JruEK?usp=drive_link,Base color,,"Easter, Spring","Craft, Decor",
2,4cm ZIgZag Egg,,,4ZIG,--- Holiday & Seasonal Shapes,"Wet Felting, Needling",7.00,,5602.10.00,The egg is a soft pastel color base with white zigzag line.,,,https://www.feltandyarn.com/easter-and-spring/2208-23494-4cm-zigzag-easter-egg.html#/390-package-20_pieces,https://drive.google.com/drive/folders/1YjYPMk6Z3Mq-vTGK5nYUHznKpB9wi9Ln?usp=drive_link,Base color,,"Easter, Spring","Craft, Decor",
3,6cm Embriodery Egg,https://www.feltandyarn.com/10524-large_default/embroidery-design-needle-felted-easter-eggs.jpg,,6EMB,--- Holiday & Seasonal Shapes,"Wet Felting, Needling",6.00,,5602.10.00,"The eggs are crafted with the soft wool. It has variety of colorful design including flower, polka dots, chocolate drizzle.",,,https://www.feltandyarn.com/easter-and-spring/2204-35729-embroidery-design-needle-felted-easter-eggs.html#/384-package-4_pieces/1627-design-blue_floral_design,https://drive.google.com/drive/folders/1gBlM7UHiEZKiVs-0looU-laSiNMEKTsW?usp=drive_link,design,,"Easter, Spring","Craft, Decor",
4,4cm Egg,,,4EGG,--- Holiday & Seasonal Shapes,Wet Felting,8.00,,5602.10.00,The base is wet felted. It is crafted with soft wool. It has different color options.,,,https://www.feltandyarn.com/easter-and-spring/1763-16034-4cm-colorful-felt-easter-egg.html#/825-color-white_1,https://drive.google.com/drive/folders/1rqZ_s40Uxe-7CM1V40QPYUgs7kMxue65?usp=drive_link,base color,,"Easter, Spring","Craft, Decor",
5,6cm Chick in Egg,,,CHIKS,--- Holiday & Seasonal Shapes,"Wet Felting, Needling",5.00,,5602.10.00,"It features a felted Easter egg in soft orange tones with a bright yellow chick face detail in the center. The chick has tiny black eyes and an orange beak, giving it a cute and cheerful expression.",,,https://www.feltandyarn.com/easter-and-spring/2218-35688-needle-felted-chick-in-egg.html#/385-package-5_pieces,https://drive.google.com/drive/folders/1ohRuYMk7jgIlrS3JPSe8d5PEzpQW3NOy?usp=drive_link,,,"Easter, Spring","Craft, Decor",
6,9cm Boy with egg,,,BOY,--- Holiday & Seasonal Shapes,"Wet Felting, Needling, Sewing, Stitching",11.00,,5602.10.00,"a small felt boy figure dressed in a bright green outfit with a yellow head covering, holding a pink egg decorated with yellow polka dots. The ornament has a smiling face and a simple handcrafted look, with a natural hanging string attached at the top, making it perfect for adding a playful and festive touch to seasonal decorations.",,,https://www.feltandyarn.com/easter-and-spring/1898-35675-felt-easter-ornament-with-spotted-easter-egg.html#/385-package-5_pieces,https://drive.google.com/drive/folders/1QrkicdXi5I1MHAzpUaNtU-Hsbuw86zH7?usp=drive_link,,,"Easter, Spring",Hanging,
7,14cm Basket Bunny,https://www.feltandyarn.com/12991-large_default/felt-easter-bunny-with-basket.jpg,,BKTBY,--- Holiday & Seasonal Shapes,"Wet Felting, Needling, Stitching",23.00,,5602.10.00,"Bunny showcase a rustic brown body with distinct white belly patch,contrasting with delicate pink inner ears. Its face is simple design as eyes closed and stitched ""X' for mouth.",,,https://www.feltandyarn.com/easter-and-spring/2395-35644-felt-easter-bunny-with-basket.html#/385-package-5_pieces,https://drive.google.com/drive/folders/1q6HCMR0rZGR3HhkPeeqehigmSuE1EEvm?usp=drive_link,,,"Easter, Spring","Craft, Decor",
8,12cm Girl Bunny,,,GBUNY,--- Holiday & Seasonal Shapes,"Wet Felting, Needling, Sewing",18.00,,5602.10.00,"The easter bunny handcrafted with soft wool. Measuring 12cm tall,it features a classic bunny silhouette, complete with perky ears and a simple yet expressive embroidered face, including a cross-stitched nose and closed eyes. The bunny is dressed in a vibrant pink, felt sleeveless dress worn over a short-sleeved top of the same cheerful hue, adding a touch of whimsy and detail to its overall appeal.",,,https://www.feltandyarn.com/easter-and-spring/2394-29992-handcrafted-pink-felt-easter-bunny-ornament.html#/385-package-5_pieces,https://drive.google.com/drive/folders/1sE4nZRXdXz9A2Kyc-60k2cjhJfbI0CWn?usp=drive_link,,,"Easter, Spring","Craft, Decor",
9,12cm Hiding Bed Bunny,,,HIDBU,--- Holiday & Seasonal Shapes,"Wet Felting, Needling, Sewing",10.00,,5602.10.00,"adorable felt bunnies nestled snugly within vibrant orange felt carrots, complete with green felt tops and stitched detailing to mimic real carrots.",,,https://www.feltandyarn.com/easter-and-spring/2398-35670-handmade-felt-bunny-in-carrot.html#/385-package-5_pieces,https://drive.google.com/drive/folders/1t8ZeQcsfiH-zqZHlcV4hCUGGKItq6u36?usp=drive_link,,,"Easter, Spring","Craft, Decor",
10,9cm Lilac Bunny,,,LILAC,--- Holiday & Seasonal Shapes,"Wet Felting, Needling",14.00,,5602.10.00,"Bunny is predominantly a soft lavender hue, with contrasting pale pink details on the inner ears and a neatly tied, cozy scarf around its neck, a sweet and gentle character. The facial features are subtly indicated with simple, embroidered black lines forming closed eyes and a small, upturned mouth, conveying a peaceful expression, further enhancing their endearing quality.",,,https://www.feltandyarn.com/easter-and-spring/2393-29982-felt-purple-easter-bunny-with-scarf-.html#/385-package-5_pieces,https://drive.google.com/drive/folders/12sudrt75-dh-bRdpQt-BoyFW2APx6q4p?usp=drive_link,,,"Easter, Spring","Craft, Decor",
11,9cm Bunny Head with Ears,,,EARS,--- Holiday & Seasonal Shapes,"Wet Felting, Needling",18.00,,5602.10.00,"Crafted from soft, pure wool. It features a rounded body with prominently long, pointed ears lines with white felt. It is characterized by large,expressive black eyes with a teal outline, a simple black stitched nose, delicate black whiskers and two destinctive white buck teeth at the bottom.",,,https://www.feltandyarn.com/easter-and-spring/2396-30012-felt-easter-bunny-head-with-ear.html#/385-package-5_pieces,https://drive.google.com/drive/folders/16PPxvGRzee6BUaT7yiNEY_O2mOsByPoV?usp=drive_link,,,"Easter, Spring","Craft, Decor",
12,10.5cm Stitched Bunny,,,SCED,--- Holiday & Seasonal Shapes,"Wet Felting, Needling, Stitching",12.00,,5602.10.00,"Measuring 10.5cmin height, it features a grey felt bunny figure wearning a light blue felt jumpsuit, with white button details on the front. The bunny facial featues include stitched eyes and a pink nose, while its ears have contrasting pink inner lining.",,,https://www.feltandyarn.com/easter-and-spring/2392-35626-cute-blue-felt-stitched-easter-bunny.html#/385-package-5_pieces,https://drive.google.com/drive/folders/1dgPHsMraZNussreC4PBA8CcMy1MregbT?usp=drive_link,,,"Easter, Spring","Craft, Decor",
13,5cm Bunny ,,,BUNY,--- Holiday & Seasonal Shapes,"Wet Felting, Needling, Stitching",8.00,,5602.10.00,"Bunny is distinctly shaped to capture the iconic silhouette of a rabbit, complete with perky ears, a rounded body, and a delicate, fluffy tail, likely made from a pom-pom piece of felt in a complementary pastel shade. The faces are adorned with simple yet expressive hand-embroidered details, including small, dark eyes and potentially a nose, adding to their endearing and rustic appeal.",,,https://www.feltandyarn.com/easter-and-spring/2202-30888-easter-felt-sheet-bunny.html#/825-color-white_1,https://drive.google.com/drive/folders/1idrSwNf7dF71S-QVgQEtKBKTBgNzsFZ_?usp=drive_link,base color,,"Easter, Spring","Craft, Decor",
14,10.5cm Cat carrying Basket,https://www.feltandyarn.com/14415-large_default/felt-orange-cat-carrying-easter-basket.jpg,,CTBKT,--- Holiday & Seasonal Shapes,"Wet Felting, Needling",24.00,,5602.10.00,"The cat is depicted wearing a cozy green sweater and carries a small, round brown Easter basket, adding a whimsical and festive touch. Its design emphasizes a cute and friendly aesthetic, with rounded features for the head, ears, and body, and delicate needle-felted details for the eyes, nose, and smiling mouth, creating an appealing expression that suggests a playful and gentle nature.",,,https://www.feltandyarn.com/easter-and-spring/2451-35638-felt-orange-cat-carrying-easter-basket.html#/385-package-5_pieces,https://drive.google.com/drive/folders/1ch8P_7OUxtifNHQcGL4gW0_mwcEwkukS?usp=drive_link,,,"Easter, Spring","Craft, Decor",
15,6x8cm Egg with Yellow Dots,,,EGDTS,--- Holiday & Seasonal Shapes,"Wet Felting, Needling",13.00,,5602.10.00,"Pink felt Easter egg adorned with an array of bright yellow polka dots, adding a cheerful and playful touch. The egg also has an endearing, stylized sleepy face, characterized by gently arched, closed eyes and a subtle, content expression, which brings a whimsical and charming personality to the overall appearance.",,,https://www.feltandyarn.com/easter-and-spring/1894-35676-pink-felt-easter-egg-with-yellow-dots.html#/385-package-5_pieces,https://drive.google.com/drive/folders/1a3JHDBjCVxPlgXT1YhGFhOZfvej7mveD?usp=drive_link,,,"Easter, Spring",Hanging,
16,6x4cm Chicks with Egg,https://www.feltandyarn.com/10681-large_default/needle-felted-chick-with-egg.jpg,,CKEG,--- Holiday & Seasonal Shapes,"Wet Felting, Needling",14.00,,5602.10.00,"The design is hand-felted yellow spring chick and a small, accompanying purple egg. The chick itself is crafted with a soft, rounded yellow body, featuring tiny black eyes, a small orange beak, and bright orange webbed feet. Spherical purple egg, also created with a needle-felting technique, presenting a slightly textured and uniform appearance.",,,https://www.feltandyarn.com/easter-and-spring/2219-23321-needle-felted-chick-with-egg.html#/389-package-15_pieces,https://drive.google.com/drive/folders/1JW22b3Scs7EKOxuOjT0k6DE6y4OIjzUQ?usp=drive_link,,,"Easter, Spring","Craft, Decor",
17,3cm Chick Head,https://www.feltandyarn.com/10780-large_default/felt-mini-chick-head-easter-ornament.jpg,,CKHD,--- Holiday & Seasonal Shapes,"Wet Felting, Needling",6.00,,5602.10.00,"It is crafted from the soft yellow wool. It featues a plump, round body , black eyes, and orange beak. ",,,https://www.feltandyarn.com/easter-and-spring/2231-23452-felt-mini-chick-head-easter-ornament.html#/393-package-35_pieces,https://drive.google.com/drive/folders/1ceSnn0_mlWx9yj0J1vlCqlZiXg8iSXet?usp=drive_link,,,"Easter, Spring","Craft, Decor",
18,15cm Basket ,,,BASKT,--- Holiday & Seasonal Shapes,"Wet Felting, Needling",187.00,,5602.10.00,"Crafted from a soft yet sturdy teal-colored felt, providing a delightful tactile experience and ensuring durability for holding treats and eggs. The basket features a vibrant green felt ""grass"" base, adding a touch of natural charm, and is adorned with appliqué details depicting two endearing white felt bunnies and small orange carrots, creating a whimsical Easter-themed scene.",,,https://www.feltandyarn.com/easter-and-spring/2354-24298-15cm-felt-easter-basket-with-5pcs-easter-egg.html#/495-package-1_piece,https://drive.google.com/drive/folders/1fYo3AEqrSqjZYVVP80PQ06Tjj9hftxpZ?usp=drive_link,,,"Easter, Spring","Craft, Decor",
19,8cm Hatching Egg with Chicks,,,HATCH,--- Holiday & Seasonal Shapes,"Wet Felting, Needling, Stitching",19.00,,5602.10.00,"The chick crafted from soft yellow roving wool has simple black bead eyes and a small orange felted beak conveying a sense of innocence and new life. The eggshell, split open to reveal the chick exhibiting a textured surface and a blend of colors to mimic a natural, speckled egg.",,,https://www.feltandyarn.com/easter-and-spring/2649-37898-wool-felt-hatching-egg-with-chick.html#/2311-craft_supplies_design-lavender_blossom,https://drive.google.com/drive/folders/1BSp5uwhRLyU--EqSn5ZVHl0ef0KxrQuB?usp=drive_link,"base color,",,"Easter, Spring","Craft, Decor",
20,12cm Farm Lady,,,FARM,--- Holiday & Seasonal Shapes,"Wet Felting, Needling, Stitching",13.00,,5602.10.00,"The design depicts a stylized woman wearing a simple brown coat, black shoes, and a distinctive white bonnet, with visible yellow hair peeking out. A miniature brown basket is clasped in hands.",,,https://www.feltandyarn.com/easter-and-spring/2235-23474-12cm-felt-easter-farm-lady.html#/388-package-10_pieces,Easter farm lady,,,"Easter, Spring",Hanging,
21,15cm Cat Basket,https://www.feltandyarn.com/12630-large_default/small-wool-felted-cat-easter-basket.jpg,,CAT,--- Holiday & Seasonal Shapes,"Wet Felting, Needling",49.00,,5602.10.00,"It features pointy ears, needled whiskers, a little nose, and big embroidered blue eyes that give it a cute and playful personality. The basket has a rounded body with an open circular cut-out in the front for holding items and a handle on top for easy carrying.",,,https://www.feltandyarn.com/easter-and-spring/2372-small-wool-felted-cat-easter-basket.html,https://drive.google.com/drive/folders/1u7ngpNm7NSSc1DhDm78c7PljS3uFVnx0?usp=drive_link,,,"Easter, Spring","Craft, Decor",
22,15cm Bunny Basket,https://www.feltandyarn.com/12644-large_default/wool-felt-bunny-easter-basket.jpg,,BUNNY,--- Holiday & Seasonal Shapes,"Wet Felting, Needling",49.00,,5602.10.00,"It features pink pointy ears, needled whisker, a little nose and big black eyes that give it a cute and playful personality. The basket has rounded body with an open circular cut-out in the front for holding items and a handle on top for easy carrying.",,,https://www.feltandyarn.com/easter-and-spring/2374-wool-felt-bunny-easter-basket.html,https://drive.google.com/drive/folders/1uhFNee2yv1j0I9YEKMYvkkeJjUIjazOd?usp=drive_link,,,"Easter, Spring","Craft, Decor",
23,15cm Koala Basket,https://www.feltandyarn.com/12638-large_default/handmade-felt-koala-easter-basket.jpg,,KOALA,--- Holiday & Seasonal Shapes,"Wet Felting, Needling",49.00,,5602.10.00,"It features white pointy ears, needled big black nose and black eyes that give it a cute and playful personality. The basket has rounded body with an open circular cut-out in the front for holding items and a handle on top for easy carrying.",,,https://www.feltandyarn.com/easter-and-spring/2373-handmade-felt-koala-easter-basket.html,https://drive.google.com/drive/folders/17dA3i7g4Yp9xagS31up2IB5QUDJPdL4s?usp=drive_link,,,"Easter, Spring","Craft, Decor",
24,15cm Panda Basket,,,PANDA,--- Holiday & Seasonal Shapes,"Wet Felting, Needling",49.00,,5602.10.00,"It features black round ears, needled nose and black eyes with white mix. The basket has rounded body with an open circular cut-out in the front for holding items and a handle on top for easy carrying.",,,https://www.feltandyarn.com/easter-and-spring/2371-handmade-felt-kids-panda-easter-egg-basket.html,https://drive.google.com/drive/folders/1kjA9qIqGbd54lv1zCtkuKhWJZOXMKY-U?usp=drive_link,,,"Easter, Spring","Craft, Decor",
25,6cm Carrot,,,6CARRT,--- Holiday & Seasonal Shapes,"Wet Felting, Needling, Sewing",14.00,,5602.10.00,It featues a bright orange body with cluster of green leaves. The base is wet felted.,,,https://www.feltandyarn.com/easter-and-spring/1524-13566-easter-felt-carrots.html#/391-package-25_pieces/609-size-6_cm,https://drive.google.com/drive/folders/1mOBBv6JFrY3QoL65KsDRcLNGciLbbWg2?usp=drive_link,,,"Easter, Spring","Craft, Decor",
26,8cm Lamb in Egg Bed,,,LAMB,--- Holiday & Seasonal Shapes,"Wet Felting, Needling",26.00,,5602.10.00,"The lamb is crafted from soft white felt with stitched black facial details and pink cheeks, giving it a sweet, gentle look. It peeks out of a yellow felt egg with a blue zigzag ""cracked shell"" design, making it appear as though the lamb is hatching.",,,https://www.feltandyarn.com/easter-and-spring/1896-35665-felt-easter-lamb-in-egg-bed.html#/385-package-5_pieces,https://drive.google.com/drive/folders/15ghyfjHNT3plp8OnAR7VFboWeWPkCn5z?usp=drive_link,,,"Easter, Spring",Hanging,
27,9cm Sloth with Egg,,,SLOTH,--- Holiday & Seasonal Shapes,"Wet Felting, Needling, Sewing",31.00,,5602.10.00,"The sloth is crafted from the soft grey felt with stitched black details. It clings to a pastel Easter egg, designed in yellow and pink with a jagged “cracked shell” pattern, creating a playful and festive look. ",,,https://www.feltandyarn.com/easter-and-spring/1891-35660-felt-sloth-with-easter-egg-ornament.html#/385-package-5_pieces,https://drive.google.com/drive/folders/1CLyAGQ4wPsvEgsTihKh7BNdnWWDVDx3X?usp=drive_link,,,"Easter, Spring",Hanging,
28,8cm Spring Chick,,,SPNG,--- Holiday & Seasonal Shapes,"Wet Felting, Needling",8.00,,5602.10.00,It is crafted with the soft yellow wool. It has the red beak and black eyes with black details on the wings.,,,https://www.feltandyarn.com/easter-and-spring/1598-7457-spring-yellow-felted-chick.html#/388-package-10_pieces,https://drive.google.com/drive/folders/1Su9Ew9t8vdgGqRfw95g43-AjBnsaZvhP?usp=drive_link,,,"Easter, Spring",Hanging,
29,10cm Chick with Egg,,,CKSEG,--- Holiday & Seasonal Shapes,"Wet Felting, Needling, Stitching",13.00,,5602.10.00,"It features a bright yellow body, an orange beak, small pink cheeks, and distinctive stitched eyes, all crowned with a playfully wavy yellow 'hair' detail.",,,https://www.feltandyarn.com/easter-and-spring/2216-23306-stitched-felt-chick-in-egg.html#/389-package-15_pieces,https://drive.google.com/drive/folders/1iZm6Xdd5xwvXKMzh6XBYNqN8krCC_0HW?usp=drive_link,,,"Easter, Spring","Craft, Decor",
30,10cm Bunny in Carrot,https://www.feltandyarn.com/10651-large_default/stitched-felt-bunny-in-carrot.jpg,Loading...,BYCRT,--- Holiday & Seasonal Shapes,"Wet Felting, Needling, Stitching",15.00,,5602.10.00,"Crafted from soft, pure wool. It features a stitched face and cozy orange scarf, peeking out from a snugly fitting carrot with bright green leaf.",,,https://www.feltandyarn.com/easter-and-spring/2217-23311-stitched-felt-bunny-in-carrot.html#/389-package-15_pieces,https://drive.google.com/drive/folders/1iZm6Xdd5xwvXKMzh6XBYNqN8krCC_0HW?usp=drive_link,,,"Easter, Spring","Craft, Decor",
31,3cm Bunny Head,https://www.feltandyarn.com/12855-large_default/3cm-felt-bunny-head-easter-crafts.jpg,,BNYHD,--- Holiday & Seasonal Shapes,"Wet Felting, Needling",6.00,,5602.10.00,The base is wet felted with soft wool. It has 3cm ball size. It featues a ears and needled nose and pompom nose.,,,https://www.feltandyarn.com/easter-and-spring/1267-30689-3cm-felt-bunny-head-easter-crafts.html#/826-color-hot_pink_2,https://drive.google.com/drive/folders/1xWaw1TY_7c8kcLTIHlpkfohBwZ0Rf7gP?usp=drive_link,"base color, ear color",,"Easter, Spring","Craft, Decor",
32,9cm Flower Brooch,https://www.feltandyarn.com/8490-large_default/9cm-felt-flower-brooch.jpg,,FLRB,--- Holiday & Seasonal Shapes,"Wet Felting, Stitching",30.00,,5602.10.00,The flower is made with felt materials includes the green leaf. The flower is made with small petals attachd on the top of each other and leaf is being sewed at last,,,https://www.feltandyarn.com/easter-and-spring/2017-18309-9cm-felt-flower-brooch.html#/1419-brooch_design-red_brooch_design,https://drive.google.com/drive/folders/17P-7322cxlOjKnFMZmZtOqBCcNsZENht?usp=drive_link,base color ,,"Easter, Spring","Craft, Decor",
33,7cm Easter Bunnies,https://www.feltandyarn.com/7797-large_default/cute-felt-easter-bunnies.jpg,,BUNNI,--- Holiday & Seasonal Shapes,"Wet Felting, Needling, Stitching",28.00,,5602.10.00,"The needle felted bunnies crafted from the wool in a egg shape, with small ears on top and facial expression. It featues a floral pattern on the body.",,,https://www.feltandyarn.com/easter-and-spring/1948-16483-cute-felt-easter-bunnies.html#/1073-craft_supplies_design-pink_bunny,,"base color, design",,"Easter, Spring","Craft, Decor",
34,12cm Envelopes,https://www.feltandyarn.com/10029-large_default/12cm-holiday-pretty-felt-envelopes.jpg,,ENVEL,--- Holiday & Seasonal Shapes,"Wet Felting, Needling",65.00,,5602.10.00,"The envelopes are made from the soft wool. It has a pink outline stitching , front flap of the envelop is decorated with colorful rainbow, two puffy clouds. ",,,https://www.feltandyarn.com/easter-and-spring/2160-20538-12cm-holiday-pretty-felt-envelopes.html#/1571-design-env_1,,"base color, ",,"Easter, Spring","Craft, Decor",
35,6cm Face Egg,https://www.feltandyarn.com/8220-large_default/cute-face-easter-egg.jpg,,FACEG,--- Holiday & Seasonal Shapes,"Wet Felting, Needling",19.00,,5602.10.00,The needle felted egg is crafted from the light brown wool. The has the simple cute black needled face with the black eye and smile.,,,https://www.feltandyarn.com/easter-and-spring/1993-17704-cute-face-easter-egg.html#/390-package-20_pieces,,,,"Easter, Spring","Craft, Decor",
36,4cm Egg with Dot,,,4EGGD,--- Holiday & Seasonal Shapes,"Wet Felting, Needling",7.00,,5602.10.00,"The egg is crafted with soft wool. It designed with a white base color and decorated with various polka dot patterns in orange, purple, pink. It has the size of 4cm",,,https://www.feltandyarn.com/easter-and-spring/1800-30489-spotted-easter-eggs.html#/826-color-hot_pink_2,,top color,,"Easter, Spring","Craft, Decor",
37,6cm Egg with Dot,,,6EGGD,--- Holiday & Seasonal Shapes,"Wet Felting, Needling",4.00,,5602.10.00,"The egg is crafted with soft wool. It designed with a white base color and decorated with various polka dot patterns in orange, purple, pink. It has the size of 6cm",,,https://www.feltandyarn.com/easter-and-spring/1966-30688-spotted-easter-eggs.html#/825-color-white_1,,top color,,"Easter, Spring","Craft, Decor",
38,3cm Bunny Head,https://www.feltandyarn.com/7754-large_default/mini-pink-bunny-head.jpg,,3BUNN,--- Holiday & Seasonal Shapes,"Wet Felting, Needling",6.00,,5602.10.00,"The bunny heads crafted using a needle felting technique. It features a fluffy white base and pink inner ears. The facial details, such as the eyes and nose are created using needle with a black and pink felt.",,,https://www.feltandyarn.com/easter-and-spring/1586-7885-mini-pink-bunny-head.html#/391-package-25_pieces,,top color,,"Easter, Spring","Craft, Decor",
39,5cm Carrot,,,5CARRT,--- Holiday & Seasonal Shapes,"Wet Felting, Needling",10g,,5602.10.00,It featues a bright orange body with cluster of green leaves. The base is wet felted.,,,https://www.feltandyarn.com/easter-and-spring/1524-13566-easter-felt-carrots.html#/391-package-25_pieces/609-size-6_cm,https://drive.google.com/drive/folders/1mOBBv6JFrY3QoL65KsDRcLNGciLbbWg2?usp=drive_link,,,"Easter, Spring","Craft, Decor",
40,7cm Carrot,,,7CARRT,--- Holiday & Seasonal Shapes,"Wet Felting, Needling",14g,,5602.10.00,It featues a bright orange body with cluster of green leaves. The base is wet felted.,,,https://www.feltandyarn.com/easter-and-spring/1524-13566-easter-felt-carrots.html#/391-package-25_pieces/609-size-6_cm,https://drive.google.com/drive/folders/1mOBBv6JFrY3QoL65KsDRcLNGciLbbWg2?usp=drive_link,,,"Easter, Spring","Craft, Decor",
41,13cm Carrot,https://www.feltandyarn.com/3793-large_default/easter-felt-carrots.jpg,,13CARRT,--- Holiday & Seasonal Shapes,"Wet Felting, Needling",22g,,5602.10.00,It featues a bright orange body with cluster of green leaves. The base is wet felted.,,,https://www.feltandyarn.com/easter-and-spring/1524-13567-easter-felt-carrots.html#/391-package-25_pieces/993-size-13_cm,https://drive.google.com/drive/folders/1mOBBv6JFrY3QoL65KsDRcLNGciLbbWg2?usp=drive_link,,,"Easter, Spring","Craft, Decor",
42,18cm Carrot ,,,18CARRT,--- Holiday & Seasonal Shapes,"Wet Felting, Needling",47.00,,5602.10.00,It featues a bright orange body with cluster of green leaves. The base is wet felted.,,,https://www.feltandyarn.com/easter-and-spring/1524-13568-easter-felt-carrots.html#/391-package-25_pieces/999-size-18_cm,https://drive.google.com/drive/folders/1mOBBv6JFrY3QoL65KsDRcLNGciLbbWg2?usp=drive_link,,,"Easter, Spring","Craft, Decor",
43,5cm Carrot with rounded Leaf,https://www.feltandyarn.com/7224-large_default/large-orange-carrots.jpg,,5CARL,--- Holiday & Seasonal Shapes,"Wet Felting, Needling",6.00,,5602.10.00,The carrot with rounded leaf crafted form the soft wool. It has the dark orange  tapered body with the green leafy tops. It is about 5cm,,,https://www.feltandyarn.com/easter-and-spring/1905-14700-large-orange-carrots.html#/391-package-25_pieces/609-size-6_cm,,,,"Easter, Spring","Craft, Decor",
44,9cm Carrot with rounded Leaf,https://www.feltandyarn.com/7224-large_default/large-orange-carrots.jpg,,9CARL,--- Holiday & Seasonal Shapes,"Wet Felting, Needling",16.00,,5602.10.00,The carrot with rounded leaf crafted form the soft wool. It has the dark orange  tapered body with the green leafy tops. It is about 9cm,,,https://www.feltandyarn.com/easter-and-spring/1905-14700-large-orange-carrots.html#/391-package-25_pieces/609-size-6_cm,,,,"Easter, Spring","Craft, Decor",
45,10cm Carrot with rounded Leaf,,,10CARL,--- Holiday & Seasonal Shapes,"Wet Felting, Needling",21.00,,5602.10.00,The carrot with rounded leaf crafted form the soft wool. It has the dark orange  tapered body with the green leafy tops. It is about 10cm,,,https://www.feltandyarn.com/easter-and-spring/1905-14700-large-orange-carrots.html#/391-package-25_pieces/609-size-6_cm,,,,"Easter, Spring","Craft, Decor",
46,18cm Carrot with rounded Leaf,,,18CARL,--- Holiday & Seasonal Shapes,"Wet Felting, Needling",6.00,,5602.10.00,The carrot with rounded leaf crafted form the soft wool. It has the dark orange  tapered body with the green leafy tops. It is about 18cm,,,https://www.feltandyarn.com/easter-and-spring/1905-14687-large-orange-carrots.html#/391-package-25_pieces/999-size-18_cm,,,,"Easter, Spring","Craft, Decor",
47,7cm Peep Bunny,,,7PEPB,--- Holiday & Seasonal Shapes,"Wet Felting, Needling",5.00,,5602.10.00,"The Bunny are made from wool and features a distinctive shape with the rounded body,small feet, and two ears. It has a small needled black eye and nose.",,,https://www.feltandyarn.com/easter-and-spring/1801-16144-7cm-cute-little-peep-bunny.html#/825-color-white_1,,base color,,"Easter, Spring","Craft, Decor",
48,8cm Smily Egg,https://www.feltandyarn.com/8200-large_default/smiley-felt-easter-egg-ornament.jpg,,SMILY,--- Holiday & Seasonal Shapes,"Wet Felting, Needling",14.00,,5602.10.00,"The egg is crafted with soft yellow felt. It has three horizontal, zigzaging strapes of pink wrap around the egg. It featues a black needled eye and curved black felt for smile.",,,https://www.feltandyarn.com/easter-and-spring/1991-35655-smiley-felt-easter-egg-ornament.html#/385-package-5_pieces,,,,"Easter, Spring",Hanging,
49,7cm Floral Egg,,,FLORA,--- Holiday & Seasonal Shapes,"Wet Felting, Needling",15.00,,5602.10.00,The egg is crafted with the white soft felt. It has a five pink petal and small yellow centered all are needled.,,,https://www.feltandyarn.com/easter-and-spring/1990-17640-floral-cute-egg.html#/390-package-20_pieces,,,,"Easter, Spring",Hanging,
50,7cm Goofy Bunny Head,,,GOOFY,--- Holiday & Seasonal Shapes,"Wet Felting, Needling",8.00,,5602.10.00,"The design featues a main body of light brown wool for the face and ears, cream color for snout area and inner ear sections. Details like eyes, nose mouth with small white teeth, whisker are needled with black felt.",,,https://www.feltandyarn.com/easter-and-spring/1946-15954-goofy-easter-bunny-heads.html#/389-package-15_pieces,,,,"Easter, Spring","Craft, Decor",
51,7cm Chick,,,7CHCK,--- Holiday & Seasonal Shapes,"Wet Felting, Needling",10.00,,5602.10.00,The chicks has the rounded body and tiny wings with the orange beak and feet. Their small black eyes are needled felted.,,,https://www.feltandyarn.com/animals-and-characters/1723-21092-7cm-yellow-felt-chick.html#/389-package-15_pieces,,,--- Animals & Characters,"Easter, Spring","Craft, Decor",
52,6cm Stuffed Bunny,,,STUFF,--- Holiday & Seasonal Shapes,"Wet Felting, Needling",25.00,,5602.10.00,The bunny is crafted with soft grey wool. It has the white belly and white lower face. It has hot pink felt for the inner ear marking and large color patch for one eye. ,,,https://www.feltandyarn.com/animals-and-characters/2175-35733-needle-felted-stuffed-easter-bunny.html#/385-package-5_pieces,,,,"Easter, Spring","Craft, Decor",
53,7cm Sloth wearnig Yellow Hat,,,SLOT ,--- Holiday & Seasonal Shapes,"Wet Felting, Needling",12.00,,5602.10.00,"The sloth was crafted with the soft grey felt. It has the white patches on the chest ,face for detailing features and yellow hat on the top. It faces is neeled with black felt for eye, nose and mouth. The yellow has a pink flower design with black chinstrap",,,https://www.feltandyarn.com/easter-and-spring/1591-35682-felt-sloth-ornament-wearing-yellow-hat.html#/385-package-5_pieces,,,,"Easter, Spring","Craft, Decor",
54,6cm Tye Dye Egg,,,6TYEDY,--- Holiday & Seasonal Shapes,Wet Felting,15.00,,5602.10.00,"The egg oval shaped crafted using needle felting technique. The egg showcase a diverse range of soft, marbled, and uniform color. It  has the tye dye effect with multile color",,,https://www.feltandyarn.com/easter-and-spring/2234-38272-6cm-felted-tie-dye-easter-egg.html#/2333-craft_supplies_design-yellow_tye_dye_egg,,base color. top color,,"Easter, Spring","Craft, Decor",
55,8cm Stitched Bunny,https://www.feltandyarn.com/4640-large_default/felt-stitched-easter-bunny.jpg,,8BUNY,--- Holiday & Seasonal Shapes,"Wet Felting, Needling, Stitching",8.00,,5602.10.00,"The bunny is made with the soft felted wool. It is designed as rabbit with black felt needled for the eyes and mouth. The edges are of the bunny is finised with a visible, black sitiched around the ear, head, body and feet.",,,https://www.feltandyarn.com/easter-and-spring/1609-16712-felt-stitched-easter-bunny.html#/1146-craft_supplies_design-eb1,,base color ,,"Easter, Spring","Craft, Decor",
56,3cm Egg,,,3EGG,--- Holiday & Seasonal Shapes,Wet Felting,4.00,,5602.10.00,The base is wet felted. It is crafted with soft wool. It has different color options. ,,,https://www.feltandyarn.com/easter-and-spring/1763-16034-4cm-colorful-felt-easter-egg.html#/825-color-white_1,,base color,,"Easter, Spring","Craft, Decor",
57,6cm Egg,,,6EGG,--- Holiday & Seasonal Shapes,Wet Felting,15.00,,5602.10.00,The base is wet felted. It is crafted with soft wool. It has different color options.,,,https://www.feltandyarn.com/easter-and-spring/2198-21314-6cm-colorful-easter-egg-.html#/825-color-white_1,,base color,,"Easter, Spring","Craft, Decor",
58,,,,,,,,,5602.10.00,,,,,,,,,,
59,,,,,,,,,5602.10.00,,,,,,,,,,
60,,,,,,,,,5602.10.00,,,,,,,,,,
61,,,,,,,,,5602.10.00,,,,,,,,,,
62,,,,,,,,,5602.10.00,,,,,,,,,,
63,,,,,,,,,5602.10.00,,,,,,,,,,
64,,,,,,,,,5602.10.00,,,,,,,,,,
65,,,,,,,,,5602.10.00,,,,,,,,,,
66,,,,,,,,,5602.10.00,,,,,,,,,,
67,,,,,,,,,5602.10.00,,,,,,,,,,
68,,,,,,,,,5602.10.00,,,,,,,,,,
69,,,,,,,,,5602.10.00,,,,,,,,,,
70,,,,,,,,,5602.10.00,,,,,,,,,,
71,,,,,,,,,5602.10.00,,,,,,,,,,
72,,,,,,,,,5602.10.00,,,,,,,,,,
73,,,,,,,,,5602.10.00,,,,,,,,,,
74,,,,,,,,,5602.10.00,,,,,,,,,,
75,,,,,,,,,5602.10.00,,,,,,,,,,
76,,,,,,,,,5602.10.00,,,,,,,,,,
77,,,,,,,,,5602.10.00,,,,,,,,,,
78,,,,,,,,,5602.10.00,,,,,,,,,,
79,,,,,,,,,5602.10.00,,,,,,,,,,
80,,,,,,,,,5602.10.00,,,,,,,,,,
81,,,,,,,,,5602.10.00,,,,,,,,,,
82,,,,,,,,,5602.10.00,,,,,,,,,,
83,,,,,,,,,5602.10.00,,,,,,,,,,
84,,,,,,,,,5602.10.00,,,,,,,,,,
85,,,,,,,,,5602.10.00,,,,,,,,,,
86,,,,,,,,,5602.10.00,,,,,,,,,,
87,,,,,,,,,5602.10.00,,,,,,,,,,
88,,,,,,,,,5602.10.00,,,,,,,,,,
89,,,,,,,,,5602.10.00,,,,,,,,,,
90,,,,,,,,,5602.10.00,,,,,,,,,,
91,,,,,,,,,5602.10.00,,,,,,,,,,
92,,,,,,,,,5602.10.00,,,,,,,,,,
93,,,,,,,,,5602.10.00,,,,,,,,,,
94,,,,,,,,,5602.10.00,,,,,,,,,,
95,,,,,,,,,5602.10.00,,,,,,,,,,
96,,,,,,,,,5602.10.00,,,,,,,,,,
97,,,,,,,,,5602.10.00,,,,,,,,,,
98,,,,,,,,,5602.10.00,,,,,,,,,,
99,,,,,,,,,5602.10.00,,,,,,,,,,
100,,,,,,,,,5602.10.00,,,,,,,,,,
101,,,,,,,,,5602.10.00,,,,,,,,,,
102,,,,,,,,,5602.10.00,,,,,,,,,,
103,,,,,,,,,5602.10.00,,,,,,,,,,
104,,,,,,,,,5602.10.00,,,,,,,,,,
105,,,,,,,,,5602.10.00,,,,,,,,,,
106,,,,,,,,,5602.10.00,,,,,,,,,,
107,,,,,,,,,5602.10.00,,,,,,,,,,
108,,,,,,,,,5602.10.00,,,,,,,,,,
109,,,,,,,,,5602.10.00,,,,,,,,,,
110,,,,,,,,,5602.10.00,,,,,,,,,,
111,,,,,,,,,5602.10.00,,,,,,,,,,
112,,,,,,,,,5602.10.00,,,,,,,,,,
113,,,,,,,,,5602.10.00,,,,,,,,,,
114,,,,,,,,,5602.10.00,,,,,,,,,,
115,,,,,,,,,5602.10.00,,,,,,,,,,
116,,,,,,,,,5602.10.00,,,,,,,,,,
117,,,,,,,,,5602.10.00,,,,,,,,,,
118,,,,,,,,,5602.10.00,,,,,,,,,,
119,,,,,,,,,5602.10.00,,,,,,,,,,
120,,,,,,,,,5602.10.00,,,,,,,,,,
121,,,,,,,,,5602.10.00,,,,,,,,,,
122,,,,,,,,,5602.10.00,,,,,,,,,,
123,,,,,,,,,5602.10.00,,,,,,,,,,
124,,,,,,,,,5602.10.00,,,,,,,,,,
125,,,,,,,,,5602.10.00,,,,,,,,,,
126,,,,,,,,,5602.10.00,,,,,,,,,,
127,,,,,,,,,5602.10.00,,,,,,,,,,
128,,,,,,,,,5602.10.00,,,,,,,,,,
129,,,,,,,,,5602.10.00,,,,,,,,,,
130,,,,,,,,,5602.10.00,,,,,,,,,,
131,,,,,,,,,5602.10.00,,,,,,,,,,
132,,,,,,,,,5602.10.00,,,,,,,,,,
133,,,,,,,,,5602.10.00,,,,,,,,,,
134,,,,,,,,,5602.10.00,,,,,,,,,,
135,,,,,,,,,5602.10.00,,,,,,,,,,
136,,,,,,,,,5602.10.00,,,,,,,,,,
137,,,,,,,,,5602.10.00,,,,,,,,,,
138,,,,,,,,,5602.10.00,,,,,,,,,,
139,,,,,,,,,5602.10.00,,,,,,,,,,
140,,,,,,,,,5602.10.00,,,,,,,,,,
141,,,,,,,,,5602.10.00,,,,,,,,,,
142,,,,,,,,,5602.10.00,,,,,,,,,,
143,,,,,,,,,5602.10.00,,,,,,,,,,
144,,,,,,,,,5602.10.00,,,,,,,,,,
145,,,,,,,,,5602.10.00,,,,,,,,,,
146,,,,,,,,,5602.10.00,,,,,,,,,,
147,,,,,,,,,5602.10.00,,,,,,,,,,
148,,,,,,,,,5602.10.00,,,,,,,,,,
149,,,,,,,,,5602.10.00,,,,,,,,,,
150,,,,,,,,,5602.10.00,,,,,,,,,,
151,,,,,,,,,5602.10.00,,,,,,,,,,
152,,,,,,,,,5602.10.00,,,,,,,,,,
153,,,,,,,,,5602.10.00,,,,,,,,,,
154,,,,,,,,,5602.10.00,,,,,,,,,,
155,,,,,,,,,5602.10.00,,,,,,,,,,
156,,,,,,,,,5602.10.00,,,,,,,,,,
157,,,,,,,,,5602.10.00,,,,,,,,,,
158,,,,,,,,,5602.10.00,,,,,,,,,,
159,,,,,,,,,5602.10.00,,,,,,,,,,
160,,,,,,,,,5602.10.00,,,,,,,,,,
161,,,,,,,,,5602.10.00,,,,,,,,,,
162,,,,,,,,,5602.10.00,,,,,,,,,,
163,,,,,,,,,5602.10.00,,,,,,,,,,
164,,,,,,,,,5602.10.00,,,,,,,,,,
165,,,,,,,,,5602.10.00,,,,,,,,,,
166,,,,,,,,,5602.10.00,,,,,,,,,,
167,,,,,,,,,5602.10.00,,,,,,,,,,
168,,,,,,,,,5602.10.00,,,,,,,,,,
169,,,,,,,,,5602.10.00,,,,,,,,,,
170,,,,,,,,,5602.10.00,,,,,,,,,,
171,,,,,,,,,5602.10.00,,,,,,,,,,
172,,,,,,,,,5602.10.00,,,,,,,,,,
173,,,,,,,,,5602.10.00,,,,,,,,,,
174,,,,,,,,,5602.10.00,,,,,,,,,,
175,,,,,,,,,5602.10.00,,,,,,,,,,
176,,,,,,,,,5602.10.00,,,,,,,,,,
177,,,,,,,,,5602.10.00,,,,,,,,,,
178,,,,,,,,,5602.10.00,,,,,,,,,,
179,,,,,,,,,5602.10.00,,,,,,,,,,
180,,,,,,,,,5602.10.00,,,,,,,,,,
181,,,,,,,,,5602.10.00,,,,,,,,,,
182,,,,,,,,,5602.10.00,,,,,,,,,,
183,,,,,,,,,5602.10.00,,,,,,,,,,
184,,,,,,,,,5602.10.00,,,,,,,,,,
185,,,,,,,,,5602.10.00,,,,,,,,,,
186,,,,,,,,,5602.10.00,,,,,,,,,,
187,,,,,,,,,5602.10.00,,,,,,,,,,
188,,,,,,,,,5602.10.00,,,,,,,,,,
189,,,,,,,,,5602.10.00,,,,,,,,,,
190,,,,,,,,,5602.10.00,,,,,,,,,,
191,,,,,,,,,5602.10.00,,,,,,,,,,
192,,,,,,,,,5602.10.00,,,,,,,,,,
193,,,,,,,,,5602.10.00,,,,,,,,,,
194,,,,,,,,,5602.10.00,,,,,,,,,,
195,,,,,,,,,5602.10.00,,,,,,,,,,
196,,,,,,,,,5602.10.00,,,,,,,,,,
197,,,,,,,,,5602.10.00,,,,,,,,,,
198,,,,,,,,,5602.10.00,,,,,,,,,,
199,,,,,,,,,5602.10.00,,,,,,,,,,
200,,,,,,,,,5602.10.00,,,,,,,,,,
201,,,,,,,,,5602.10.00,,,,,,,,,,
202,,,,,,,,,5602.10.00,,,,,,,,,,
203,,,,,,,,,5602.10.00,,,,,,,,,,
204,,,,,,,,,5602.10.00,,,,,,,,,,
205,,,,,,,,,5602.10.00,,,,,,,,,,
206,,,,,,,,,5602.10.00,,,,,,,,,,
207,,,,,,,,,5602.10.00,,,,,,,,,,
208,,,,,,,,,5602.10.00,,,,,,,,,,
209,,,,,,,,,5602.10.00,,,,,,,,,,
210,,,,,,,,,5602.10.00,,,,,,,,,,
211,,,,,,,,,5602.10.00,,,,,,,,,,
212,,,,,,,,,5602.10.00,,,,,,,,,,
213,,,,,,,,,5602.10.00,,,,,,,,,,
214,,,,,,,,,5602.10.00,,,,,,,,,,
215,,,,,,,,,5602.10.00,,,,,,,,,,
216,,,,,,,,,5602.10.00,,,,,,,,,,
217,,,,,,,,,5602.10.00,,,,,,,,,,
218,,,,,,,,,5602.10.00,,,,,,,,,,
219,,,,,,,,,5602.10.00,,,,,,,,,,
220,,,,,,,,,5602.10.00,,,,,,,,,,
221,,,,,,,,,5602.10.00,,,,,,,,,,
222,,,,,,,,,5602.10.00,,,,,,,,,,
223,,,,,,,,,5602.10.00,,,,,,,,,,
224,,,,,,,,,5602.10.00,,,,,,,,,,
225,,,,,,,,,5602.10.00,,,,,,,,,,
226,,,,,,,,,5602.10.00,,,,,,,,,,
227,,,,,,,,,5602.10.00,,,,,,,,,,
228,,,,,,,,,5602.10.00,,,,,,,,,,
229,,,,,,,,,5602.10.00,,,,,,,,,,
230,,,,,,,,,5602.10.00,,,,,,,,,,
231,,,,,,,,,5602.10.00,,,,,,,,,,
232,,,,,,,,,5602.10.00,,,,,,,,,,
233,,,,,,,,,5602.10.00,,,,,,,,,,
234,,,,,,,,,5602.10.00,,,,,,,,,,
235,,,,,,,,,5602.10.00,,,,,,,,,,
236,,,,,,,,,5602.10.00,,,,,,,,,,
237,,,,,,,,,5602.10.00,,,,,,,,,,
238,,,,,,,,,5602.10.00,,,,,,,,,,
239,,,,,,,,,5602.10.00,,,,,,,,,,
240,,,,,,,,,5602.10.00,,,,,,,,,,
241,,,,,,,,,5602.10.00,,,,,,,,,,
242,,,,,,,,,5602.10.00,,,,,,,,,,
243,,,,,,,,,5602.10.00,,,,,,,,,,
244,,,,,,,,,5602.10.00,,,,,,,,,,
245,,,,,,,,,5602.10.00,,,,,,,,,,
246,,,,,,,,,5602.10.00,,,,,,,,,,
247,,,,,,,,,5602.10.00,,,,,,,,,,
248,,,,,,,,,5602.10.00,,,,,,,,,,
249,,,,,,,,,5602.10.00,,,,,,,,,,
250,,,,,,,,,5602.10.00,,,,,,,,,,
251,,,,,,,,,5602.10.00,,,,,,,,,,
252,,,,,,,,,5602.10.00,,,,,,,,,,
253,,,,,,,,,5602.10.00,,,,,,,,,,
254,,,,,,,,,5602.10.00,,,,,,,,,,
255,,,,,,,,,5602.10.00,,,,,,,,,,
256,,,,,,,,,5602.10.00,,,,,,,,,,
257,,,,,,,,,5602.10.00,,,,,,,,,,
258,,,,,,,,,5602.10.00,,,,,,,,,,
259,,,,,,,,,5602.10.00,,,,,,,,,,
260,,,,,,,,,5602.10.00,,,,,,,,,,
261,,,,,,,,,5602.10.00,,,,,,,,,,
262,,,,,,,,,5602.10.00,,,,,,,,,,
263,,,,,,,,,5602.10.00,,,,,,,,,,
264,,,,,,,,,5602.10.00,,,,,,,,,,
265,,,,,,,,,5602.10.00,,,,,,,,,,
266,,,,,,,,,5602.10.00,,,,,,,,,,
267,,,,,,,,,5602.10.00,,,,,,,,,,
268,,,,,,,,,5602.10.00,,,,,,,,,,
269,,,,,,,,,5602.10.00,,,,,,,,,,
270,,,,,,,,,5602.10.00,,,,,,,,,,
271,,,,,,,,,5602.10.00,,,,,,,,,,
272,,,,,,,,,5602.10.00,,,,,,,,,,
273,,,,,,,,,5602.10.00,,,,,,,,,,
274,,,,,,,,,5602.10.00,,,,,,,,,,
275,,,,,,,,,5602.10.00,,,,,,,,,,
276,,,,,,,,,5602.10.00,,,,,,,,,,
277,,,,,,,,,5602.10.00,,,,,,,,,,
278,,,,,,,,,5602.10.00,,,,,,,,,,
279,,,,,,,,,5602.10.00,,,,,,,,,,
280,,,,,,,,,5602.10.00,,,,,,,,,,
281,,,,,,,,,5602.10.00,,,,,,,,,,
282,,,,,,,,,5602.10.00,,,,,,,,,,
283,,,,,,,,,5602.10.00,,,,,,,,,,
284,,,,,,,,,5602.10.00,,,,,,,,,,
285,,,,,,,,,5602.10.00,,,,,,,,,,
286,,,,,,,,,5602.10.00,,,,,,,,,,
287,,,,,,,,,5602.10.00,,,,,,,,,,
288,,,,,,,,,5602.10.00,,,,,,,,,,
289,,,,,,,,,5602.10.00,,,,,,,,,,
290,,,,,,,,,5602.10.00,,,,,,,,,,
291,,,,,,,,,5602.10.00,,,,,,,,,,
292,,,,,,,,,5602.10.00,,,,,,,,,,
293,,,,,,,,,5602.10.00,,,,,,,,,,
294,,,,,,,,,5602.10.00,,,,,,,,,,
295,,,,,,,,,5602.10.00,,,,,,,,,,
296,,,,,,,,,5602.10.00,,,,,,,,,,
297,,,,,,,,,5602.10.00,,,,,,,,,,
298,,,,,,,,,5602.10.00,,,,,,,,,,
299,,,,,,,,,5602.10.00,,,,,,,,,,
300,,,,,,,,,5602.10.00,,,,,,,,,,
301,,,,,,,,,5602.10.00,,,,,,,,,,
302,,,,,,,,,5602.10.00,,,,,,,,,,
303,,,,,,,,,5602.10.00,,,,,,,,,,
304,,,,,,,,,5602.10.00,,,,,,,,,,
305,,,,,,,,,5602.10.00,,,,,,,,,,
306,,,,,,,,,5602.10.00,,,,,,,,,,
307,,,,,,,,,5602.10.00,,,,,,,,,,
308,,,,,,,,,5602.10.00,,,,,,,,,,
309,,,,,,,,,5602.10.00,,,,,,,,,,
310,,,,,,,,,5602.10.00,,,,,,,,,,
311,,,,,,,,,5602.10.00,,,,,,,,,,
312,,,,,,,,,5602.10.00,,,,,,,,,,
313,,,,,,,,,5602.10.00,,,,,,,,,,
314,,,,,,,,,5602.10.00,,,,,,,,,,
315,,,,,,,,,5602.10.00,,,,,,,,,,
316,,,,,,,,,5602.10.00,,,,,,,,,,
317,,,,,,,,,5602.10.00,,,,,,,,,,
318,,,,,,,,,5602.10.00,,,,,,,,,,
319,,,,,,,,,5602.10.00,,,,,,,,,,
320,,,,,,,,,5602.10.00,,,,,,,,,,
321,,,,,,,,,5602.10.00,,,,,,,,,,
322,,,,,,,,,5602.10.00,,,,,,,,,,
323,,,,,,,,,5602.10.00,,,,,,,,,,
324,,,,,,,,,5602.10.00,,,,,,,,,,
325,,,,,,,,,5602.10.00,,,,,,,,,,
326,,,,,,,,,5602.10.00,,,,,,,,,,
327,,,,,,,,,5602.10.00,,,,,,,,,,
328,,,,,,,,,5602.10.00,,,,,,,,,,
329,,,,,,,,,5602.10.00,,,,,,,,,,
330,,,,,,,,,5602.10.00,,,,,,,,,,
331,,,,,,,,,5602.10.00,,,,,,,,,,
332,,,,,,,,,5602.10.00,,,,,,,,,,
333,,,,,,,,,5602.10.00,,,,,,,,,,
334,,,,,,,,,5602.10.00,,,,,,,,,,
335,,,,,,,,,5602.10.00,,,,,,,,,,
336,,,,,,,,,5602.10.00,,,,,,,,,,
337,,,,,,,,,5602.10.00,,,,,,,,,,
338,,,,,,,,,5602.10.00,,,,,,,,,,
339,,,,,,,,,5602.10.00,,,,,,,,,,
340,,,,,,,,,5602.10.00,,,,,,,,,,
341,,,,,,,,,5602.10.00,,,,,,,,,,
342,,,,,,,,,5602.10.00,,,,,,,,,,
343,,,,,,,,,5602.10.00,,,,,,,,,,
344,,,,,,,,,5602.10.00,,,,,,,,,,
345,,,,,,,,,5602.10.00,,,,,,,,,,
346,,,,,,,,,5602.10.00,,,,,,,,,,
347,,,,,,,,,5602.10.00,,,,,,,,,,
348,,,,,,,,,5602.10.00,,,,,,,,,,
349,,,,,,,,,5602.10.00,,,,,,,,,,
350,,,,,,,,,5602.10.00,,,,,,,,,,
351,,,,,,,,,5602.10.00,,,,,,,,,,
352,,,,,,,,,5602.10.00,,,,,,,,,,
353,,,,,,,,,5602.10.00,,,,,,,,,,
354,,,,,,,,,5602.10.00,,,,,,,,,,
355,,,,,,,,,5602.10.00,,,,,,,,,,
356,,,,,,,,,5602.10.00,,,,,,,,,,
357,,,,,,,,,5602.10.00,,,,,,,,,,
358,,,,,,,,,5602.10.00,,,,,,,,,,
359,,,,,,,,,5602.10.00,,,,,,,,,,
360,,,,,,,,,5602.10.00,,,,,,,,,,
361,,,,,,,,,5602.10.00,,,,,,,,,,
362,,,,,,,,,5602.10.00,,,,,,,,,,
363,,,,,,,,,5602.10.00,,,,,,,,,,
364,,,,,,,,,5602.10.00,,,,,,,,,,
365,,,,,,,,,5602.10.00,,,,,,,,,,
366,,,,,,,,,5602.10.00,,,,,,,,,,
367,,,,,,,,,5602.10.00,,,,,,,,,,
368,,,,,,,,,5602.10.00,,,,,,,,,,
369,,,,,,,,,5602.10.00,,,,,,,,,,
370,,,,,,,,,5602.10.00,,,,,,,,,,
371,,,,,,,,,5602.10.00,,,,,,,,,,
372,,,,,,,,,5602.10.00,,,,,,,,,,
373,,,,,,,,,5602.10.00,,,,,,,,,,
374,,,,,,,,,5602.10.00,,,,,,,,,,
375,,,,,,,,,5602.10.00,,,,,,,,,,
376,,,,,,,,,5602.10.00,,,,,,,,,,
377,,,,,,,,,5602.10.00,,,,,,,,,,
378,,,,,,,,,5602.10.00,,,,,,,,,,
379,,,,,,,,,5602.10.00,,,,,,,,,,
380,,,,,,,,,5602.10.00,,,,,,,,,,
381,,,,,,,,,5602.10.00,,,,,,,,,,
382,,,,,,,,,5602.10.00,,,,,,,,,,
383,,,,,,,,,5602.10.00,,,,,,,,,,
384,,,,,,,,,5602.10.00,,,,,,,,,,
385,,,,,,,,,5602.10.00,,,,,,,,,,
386,,,,,,,,,5602.10.00,,,,,,,,,,
387,,,,,,,,,5602.10.00,,,,,,,,,,
388,,,,,,,,,5602.10.00,,,,,,,,,,
389,,,,,,,,,5602.10.00,,,,,,,,,,
390,,,,,,,,,5602.10.00,,,,,,,,,,
391,,,,,,,,,5602.10.00,,,,,,,,,,
392,,,,,,,,,5602.10.00,,,,,,,,,,
393,,,,,,,,,5602.10.00,,,,,,,,,,
394,,,,,,,,,5602.10.00,,,,,,,,,,
395,,,,,,,,,5602.10.00,,,,,,,,,,
396,,,,,,,,,5602.10.00,,,,,,,,,,
397,,,,,,,,,5602.10.00,,,,,,,,,,
398,,,,,,,,,5602.10.00,,,,,,,,,,
399,,,,,,,,,5602.10.00,,,,,,,,,,
400,,,,,,,,,5602.10.00,,,,,,,,,,
401,,,,,,,,,5602.10.00,,,,,,,,,,
402,,,,,,,,,5602.10.00,,,,,,,,,,
403,,,,,,,,,5602.10.00,,,,,,,,,,
404,,,,,,,,,5602.10.00,,,,,,,,,,
405,,,,,,,,,5602.10.00,,,,,,,,,,
406,,,,,,,,,5602.10.00,,,,,,,,,,
407,,,,,,,,,5602.10.00,,,,,,,,,,
408,,,,,,,,,5602.10.00,,,,,,,,,,
409,,,,,,,,,5602.10.00,,,,,,,,,,
410,,,,,,,,,5602.10.00,,,,,,,,,,
411,,,,,,,,,5602.10.00,,,,,,,,,,
412,,,,,,,,,5602.10.00,,,,,,,,,,
413,,,,,,,,,5602.10.00,,,,,,,,,,
414,,,,,,,,,5602.10.00,,,,,,,,,,
415,,,,,,,,,5602.10.00,,,,,,,,,,
416,,,,,,,,,5602.10.00,,,,,,,,,,
417,,,,,,,,,5602.10.00,,,,,,,,,,
418,,,,,,,,,5602.10.00,,,,,,,,,,
419,,,,,,,,,5602.10.00,,,,,,,,,,
420,,,,,,,,,5602.10.00,,,,,,,,,,
421,,,,,,,,,5602.10.00,,,,,,,,,,
422,,,,,,,,,5602.10.00,,,,,,,,,,
423,,,,,,,,,5602.10.00,,,,,,,,,,
424,,,,,,,,,5602.10.00,,,,,,,,,,
425,,,,,,,,,5602.10.00,,,,,,,,,,
426,,,,,,,,,5602.10.00,,,,,,,,,,
427,,,,,,,,,5602.10.00,,,,,,,,,,
428,,,,,,,,,5602.10.00,,,,,,,,,,
429,,,,,,,,,5602.10.00,,,,,,,,,,
430,,,,,,,,,5602.10.00,,,,,,,,,,
431,,,,,,,,,5602.10.00,,,,,,,,,,
432,,,,,,,,,5602.10.00,,,,,,,,,,
433,,,,,,,,,5602.10.00,,,,,,,,,,
434,,,,,,,,,5602.10.00,,,,,,,,,,
435,,,,,,,,,5602.10.00,,,,,,,,,,
436,,,,,,,,,5602.10.00,,,,,,,,,,
437,,,,,,,,,5602.10.00,,,,,,,,,,
438,,,,,,,,,5602.10.00,,,,,,,,,,
439,,,,,,,,,5602.10.00,,,,,,,,,,
440,,,,,,,,,5602.10.00,,,,,,,,,,
441,,,,,,,,,5602.10.00,,,,,,,,,,
442,,,,,,,,,5602.10.00,,,,,,,,,,
443,,,,,,,,,5602.10.00,,,,,,,,,,
444,,,,,,,,,5602.10.00,,,,,,,,,,
445,,,,,,,,,5602.10.00,,,,,,,,,,
446,,,,,,,,,5602.10.00,,,,,,,,,,
447,,,,,,,,,5602.10.00,,,,,,,,,,
448,,,,,,,,,5602.10.00,,,,,,,,,,
449,,,,,,,,,5602.10.00,,,,,,,,,,
450,,,,,,,,,5602.10.00,,,,,,,,,,
451,,,,,,,,,5602.10.00,,,,,,,,,,
452,,,,,,,,,5602.10.00,,,,,,,,,,
453,,,,,,,,,5602.10.00,,,,,,,,,,
454,,,,,,,,,5602.10.00,,,,,,,,,,
455,,,,,,,,,5602.10.00,,,,,,,,,,
456,,,,,,,,,5602.10.00,,,,,,,,,,
457,,,,,,,,,5602.10.00,,,,,,,,,,
458,,,,,,,,,5602.10.00,,,,,,,,,,
459,,,,,,,,,5602.10.00,,,,,,,,,,
460,,,,,,,,,5602.10.00,,,,,,,,,,
461,,,,,,,,,5602.10.00,,,,,,,,,,
462,,,,,,,,,5602.10.00,,,,,,,,,,
463,,,,,,,,,5602.10.00,,,,,,,,,,
464,,,,,,,,,5602.10.00,,,,,,,,,,
465,,,,,,,,,5602.10.00,,,,,,,,,,
466,,,,,,,,,5602.10.00,,,,,,,,,,
467,,,,,,,,,5602.10.00,,,,,,,,,,
468,,,,,,,,,5602.10.00,,,,,,,,,,
469,,,,,,,,,5602.10.00,,,,,,,,,,
470,,,,,,,,,5602.10.00,,,,,,,,,,
471,,,,,,,,,5602.10.00,,,,,,,,,,
472,,,,,,,,,5602.10.00,,,,,,,,,,
473,,,,,,,,,5602.10.00,,,,,,,,,,
474,,,,,,,,,5602.10.00,,,,,,,,,,
475,,,,,,,,,5602.10.00,,,,,,,,,,
476,,,,,,,,,5602.10.00,,,,,,,,,,
477,,,,,,,,,5602.10.00,,,,,,,,,,
478,,,,,,,,,5602.10.00,,,,,,,,,,
479,,,,,,,,,5602.10.00,,,,,,,,,,
480,,,,,,,,,5602.10.00,,,,,,,,,,
481,,,,,,,,,5602.10.00,,,,,,,,,,
482,,,,,,,,,5602.10.00,,,,,,,,,,
483,,,,,,,,,5602.10.00,,,,,,,,,,
484,,,,,,,,,5602.10.00,,,,,,,,,,
485,,,,,,,,,5602.10.00,,,,,,,,,,
486,,,,,,,,,5602.10.00,,,,,,,,,,
487,,,,,,,,,5602.10.00,,,,,,,,,,
488,,,,,,,,,5602.10.00,,,,,,,,,,
489,,,,,,,,,5602.10.00,,,,,,,,,,
490,,,,,,,,,5602.10.00,,,,,,,,,,
491,,,,,,,,,5602.10.00,,,,,,,,,,
492,,,,,,,,,5602.10.00,,,,,,,,,,
493,,,,,,,,,5602.10.00,,,,,,,,,,
494,,,,,,,,,5602.10.00,,,,,,,,,,
495,,,,,,,,,5602.10.00,,,,,,,,,,
496,,,,,,,,,5602.10.00,,,,,,,,,,
497,,,,,,,,,5602.10.00,,,,,,,,,,
498,,,,,,,,,5602.10.00,,,,,,,,,,
499,,,,,,,,,5602.10.00,,,,,,,,,,
500,,,,,,,,,5602.10.00,,,,,,,,,,